"country","total_companies","total_mrr","avg_invoices","avg_billing","avg_users","avg_downloads","avg_help_requests","new_companies_last_6m","percentage_plus_plan","percentage_digital","percentage_referral","percentage_alternative","percentage_entrepreneur","percentage_accountant","percentage_freelancer","avg_days_active","mrr_growth_percentage","priority_score"
"COL","6336","26439.16666666667","629.1366792929292929","5522.4794823232323232","5.4884785353535355","5.014046717171717","5.019097222222222","271","10.7323232323232323","86.8686868686868687","6.6603535353535354","6.4709595959595960","50.1893939393939394","16.6982323232323232","33.1123737373737374","736.5978535353536","9958.333333333336","11029.841224747475"
"PER","387","854.1666666666669","557.8475452196382429","5476.9173126614987080","5.421188630490956","4.777777777777778","4.754521963824289","12","24.2894056847545220","0.00000000000000000000","46.5116279069767442","53.4883720930232558","25.5813953488372093","31.2661498708010336","43.1524547803617571","726.204134366925","2200.0000000000005","1794.682558139535"
"MEX","390","724.9999999999991","577.4974358974358974","5512.0666666666666667","5.630769230769231","5.18974358974359","5.087179487179487","12","20.5128205128205128","0.00000000000000000000","50.0000000000000000","50.0000000000000000","22.5641025641025641","77.4358974358974359","0.00000000000000000000","765.2794871794872","2100","1742.5799999999997"
"PAN","395","1138.3333333333333","633.7772151898734177","5359.8708860759493671","5.318987341772152","4.903797468354431","4.9113924050632916","20","49.6202531645569620","0.00000000000000000000","51.6455696202531646","48.3544303797468354","28.1012658227848101","71.8987341772151899","0.00000000000000000000","731.4759493670886","1300","1679.4488607594938"
